pid1,no,pid2,id,distance
BV10013454,1,BV11494889,1
BV11494889,2,BV10813547,2
BV10813547,3,BV10813541,3
BV10813541,4,BV10813543,4
BV10813543,5,BV10813544,5
BV10813544,6,BV10813542,6
BV10813542,7,BV10813546,7
BV10000295,1,BV10013455,8
BV10013455,2,BV10000302,9
BV10000302,3,BV10013456,10
BV10013456,4,BV10013457,11
BV10013457,5,BV10013458,12
BV10013458,6,BV10000306,13
BV10000306,7,BV10000188,14
BV10000188,8,BV10013459,15
BV10013459,9,BV10000309,16
BV10000309,10,BV10007375,17
BV10007375,11,BV10006791,18
BV10006791,12,BV10005941,19
BV10005941,13,BV10006499,20
BV10006499,14,BV10006496,21
BV10006496,15,BV10013440,22
BV10013440,16,BV10013432,23
BV10013432,17,BV10013460,24
BV10013460,18,BV10013461,25
BV10013461,19,BV10013364,26
BV10013364,20,BV10000275,27
BV10000275,21,BV10007589,28
BV10007589,22,BV10013517,29
BV10013517,23,BV10013518,30
BV10013518,24,BV10013519,31
BV10013519,25,BV10004294,32
BV10004294,26,BV10001118,33
BV10001118,27,BV10004143,34
BV10004143,28,BV10004141,35
BV10004141,29,BV10001298,36
BV10001298,30,BV10002455,37
BV10002455,31,BV10013520,38
BV10013520,32,BV10004138,39
BV10004138,33,BV11253781,40
BV11253781,34,BV10850689,41
BV10013430,1,BV10013431,42
BV10013431,2,BV10001936,43
BV10001936,3,BV10006563,44
BV10006563,4,BV10002731,45
BV10002731,5,BV10001047,46
BV10001047,6,BV10004298,47
BV10004298,7,BV10013432,48
BV10013432,8,BV10006813,49
BV10006813,9,BV10013433,50
BV10013433,10,BV10005884,51
BV10005884,11,BV10013434,52
BV10013434,12,BV10013415,53
BV10013415,13,BV10013435,54
BV10013435,14,BV10007375,55
BV10007375,15,BV10001036,56
BV10001036,16,BV10013437,57
BV10013437,17,BV10001595,58
BV10003869,1,BV10013422,59
BV10013422,2,BV10010394,60
BV10010394,3,BV10000372,61
BV10000372,4,BV10002783,62
BV10002783,5,BV10013275,63
BV10013275,6,BV10013421,64
BV10013421,7,BV10013420,65
BV10013420,8,BV10013419,66
BV10013419,9,BV10000383,67
BV10000383,10,BV10013418,68
BV10013418,11,BV10008170,69
BV10008170,12,BV10013417,70
BV10013417,13,BV10009949,71
BV10009949,14,BV10006454,72
BV10006454,15,BV10013416,73
BV10013416,16,BV10013379,74
BV10013379,17,BV10013415,75
BV10013415,18,BV10006791,76
BV10006791,19,BV10008400,77
BV10008400,20,BV10013414,78
BV10013414,21,BV10013413,79
BV10013413,22,BV10013412,80
BV10013412,23,BV10001595,81
BV10001595,24,BV10006771,82
BV10006771,25,BV10000252,83
BV10000252,26,BV10000255,84
BV10000255,27,BV10000258,85
BV10000258,28,BV10013411,86
BV10013411,29,BV10013410,87
BV10013410,30,BV10013409,88
BV10013409,31,BV10013408,89
BV10013408,32,BV10000920,90
BV10000920,33,BV10013407,91
BV10013407,34,BV10013406,92
BV10000743,1,BV10013438,93
BV10013438,2,BV10006603,94
BV10006603,3,BV10013439,95
BV10013439,4,BV10013383,96
BV10013383,5,BV10013433,97
BV10013433,6,BV10013440,98
BV10013440,7,BV10013441,99
BV10013441,8,BV10013442,100
BV10013442,9,BV10001045,101
BV10001045,10,BV10013443,102
BV10013443,11,BV10006563,103
BV10006563,12,BV10006616,104
BV10006616,13,BV10001221,105
BV10001221,14,BV10005412,106
BV10005412,15,BV10006707,107
BV10006707,16,BV10013376,108
BV10013376,17,BV10013444,109
BV10013444,18,BV10004309,110
BV10004309,19,BV10000461,111
BV10000461,20,BV10013445,112
BV10013445,21,BV10013446,113
BV10013446,22,BV10013447,114
BV10416639,1,BV10416641,115
BV10416641,2,BV10416644,116
BV10416644,3,BV10416651,117
BV10416651,4,BV10416648,118
BV10416648,5,BV10416643,119
BV10416643,6,BV10416645,120
BV10416645,7,BV10006882,121
BV10006882,8,BV10006429,122
BV10006429,9,BV10013505,123
BV10013505,10,BV10013506,124
BV10013506,11,BV10013507,125
BV10013507,12,BV10000481,126
BV10000481,13,BV10008284,127
BV10008284,14,BV10013489,128
BV10013489,15,BV10000548,129
BV10000548,16,BV10004298,130
BV10004298,17,BV10013442,131
BV10013442,18,BV10013392,132
BV10013392,19,BV10013508,133
BV10013508,20,BV10013413,134
BV10013413,21,BV10013437,135
BV10013437,22,BV10000051,136
BV10000051,23,BV10000061,137
BV10000061,24,BV10013509,138
BV10013509,25,BV10013496,139
BV10013496,26,BV10013510,140
BV10013510,27,BV11103939,141
BV11103939,28,BV11103937,142
BV11103937,29,BV11103938,143
BV11103938,30,BV10827741,144
BV10827741,31,BV10013454,145
BV10013454,32,BV11494889,146
BV10850689,1,BV11253781,147
BV11253781,2,BV11303297,148
BV11303297,3,BV11303300,149
BV11303300,4,BV11303302,150
BV11303302,5,BV11303299,151
BV11303299,6,BV11303296,152
BV11303296,7,BV11303301,153
BV11303301,8,BV11303298,154
BV11303298,9,BV10013391,155
BV10013391,10,BV10416577,156
BV10416577,11,BV10007127,157
BV10007127,12,BV10013389,158
BV10013389,13,BV10013388,159
BV10013388,14,BV10013387,160
BV10013387,15,BV10000647,161
BV10000647,16,BV10013386,162
BV10013386,17,BV10006224,163
BV10006224,18,BV10013385,164
BV10013385,19,BV10013384,165
BV10013384,20,BV10006633,166
BV10006633,21,BV10013383,167
BV10013383,22,BV10396213,168
BV10396213,23,BV10013381,169
BV10013381,24,BV10013380,170
BV10013380,25,BV10013379,171
BV10013379,26,BV10396212,172
BV10396212,27,BV10005975,173
BV10005975,28,BV10006599,174
BV10006599,29,BV10000102,175
BV11640690,1,BV11640696,176
BV11640696,2,BV11640691,177
BV11640691,3,BV11640693,178
BV11640693,4,BV11640698,179
BV11640698,5,BV11640697,180
BV11640697,6,BV11640689,181
BV11640689,7,BV11640692,182
BV11640692,8,BV11640699,183
BV11640699,9,BV10013368,184
BV10013368,10,BV11640688,185
BV11640688,11,BV10013381,186
BV10013381,12,BV10005884,187
BV10005884,13,BV10006496,188
BV10006496,14,BV11640695,189
BV11640695,15,BV11095929,190
BV11095929,16,BV10013392,191
BV10013392,17,BV10013462,192
BV10013462,18,BV10013431,193
BV10013431,19,BV10013463,194
BV10013463,20,BV10013464,195
BV10013464,21,BV10013465,196
BV10013465,22,BV10013466,197
BV10013466,23,BV10013375,198
BV10013375,24,BV10009724,199
BV10009724,25,BV10013467,200
BV10013467,26,BV10000769,201
BV10000769,27,BV10013468,202
BV10013468,28,BV10013469,203
BV10013469,29,BV10007658,204
BV10007658,30,BV10004378,205
BV10004378,31,BV10000887,206
BV10000887,32,BV10013470,207
BV10013470,33,BV10000571,208
BV10007779,1,BV10013471,209
BV10013471,2,BV10013472,210
BV10013472,3,BV10013473,211
BV10013473,4,BV10013474,212
BV10013474,5,BV10000636,213
BV10000636,6,BV10013475,214
BV10013475,7,BV10000269,215
BV10000269,8,BV10000102,216
BV10000102,9,BV10000188,217
BV10000188,10,BV10013476,218
BV10013476,11,BV10000061,219
BV10000061,12,BV10000252,220
BV10013394,1,BV10013485,221
BV10013485,2,BV10013411,222
BV10013411,3,BV10001215,223
BV10001215,4,BV10001218,224
BV10001218,5,BV10013486,225
BV10013486,6,BV10000017,226
BV10000017,7,BV10004058,227
BV10004058,8,BV10013465,228
BV10013465,9,BV10013487,229
BV10013487,10,BV10005412,230
BV10005412,11,BV10006575,231
BV10006575,12,BV10013488,232
BV10013488,13,BV10000199,233
BV10000199,14,BV10000196,234
BV10000196,15,BV10001223,235
BV10001223,16,BV10011994,236
BV10011994,17,BV10013489,237
BV10013489,18,BV10013490,238
BV10013490,19,BV10013461,239
BV10013461,20,BV10013385,240
BV10013385,21,BV10007162,241
BV10007162,22,BV10000543,242
BV10000543,23,BV10013367,243
BV10013367,24,BV10007166,244
BV10007166,25,BV10013491,245
BV10013491,26,BV10000743,246
BV10000743,27,BV10013492,247
BV10013492,28,BV10000737,248
BV10000737,29,BV10013493,249
BV10013493,30,BV10013417,250
BV10013417,31,BV10000222,251
BV10000222,32,BV10006086,252
BV10006086,33,BV10013494,253
BV10013494,34,BV10013495,254
BV10013495,35,BV10003566,255
BV10003566,36,BV10000215,256
BV10000215,37,BV10013475,257
BV10013475,38,BV10002829,258
BV10002829,39,BV10000306,259
BV10000306,40,BV10002778,260
BV10002778,41,BV10013496,261
BV10013496,42,BV10012405,262
BV10012405,43,BV10007535,263
BV10007535,44,BV10007538,264
BV11494889,1,BV11494890,265
BV11494890,2,BV11494888,266
BV10001595,1,BV10001016,267
BV10001016,2,BV10001218,268
BV10001218,3,BV10006886,269
BV10006886,4,BV10013516,270
BV10013516,5,BV11467455,271
BV11467455,6,BV10007027,272
BV10007027,7,BV10013515,273
BV10013515,8,BV10013514,274
BV10013514,9,BV10007658,275
BV10007658,10,BV10000461,276
BV10000461,11,BV10000150,277
BV10000150,12,BV10013377,278
BV10013377,13,BV10006575,279
BV10006575,14,BV10013512,280
BV10013512,15,BV10013511,281
BV10013511,16,BV10002731,282
BV10416596,1,BV10416588,283
BV10416588,2,BV10416590,284
BV10416590,3,BV10013356,285
BV10013356,4,BV10416592,286
BV10416592,5,BV10416591,287
BV10416591,6,BV10416595,288
BV10416595,7,BV10416594,289
BV10416594,8,BV10416587,290
BV10416587,9,BV10416593,291
BV10416593,10,BV10008284,292
BV10008284,11,BV10013364,293
BV10013364,12,BV10006224,294
BV10006224,13,BV10007475,295
BV10007475,14,BV10590953,296
BV10590953,15,BV10013367,297
BV10013367,16,BV10012561,298
BV10012561,17,BV10006603,299
BV10006603,18,BV10590951,300
BV10590951,19,BV10013368,301
BV10013368,20,BV10006454,302
BV10006454,21,BV10590952,303
BV10590952,22,BV10013370,304
BV10013370,23,BV10013371,305
BV10013371,24,BV10013372,306
BV10013372,25,BV10013373,307
BV10013373,26,BV10000215,308
BV10000215,27,BV10000636,309
BV10000636,28,BV10006219,310
BV10006219,29,BV10013400,311
BV10013400,30,BV10007072,312
BV10007072,31,BV10013401,313
BV10013401,32,BV10006917,314
BV10002186,1,BV10013405,315
BV10013405,2,BV10013404,316
BV10013404,3,BV10002190,317
BV10002190,4,BV10009387,318
BV10009387,5,BV10002223,319
BV10002223,6,BV10013403,320
BV10013403,7,BV10002193,321
BV10002193,8,BV10011274,322
BV10011274,9,BV10000963,323
BV10000963,10,BV10013402,324
BV10013402,11,BV10013356,325
BV10013356,12,BV10013377,326
BV10013377,13,BV10416640,327
BV10416640,14,BV10013376,328
BV10013376,15,BV10416647,329
BV10416647,16,BV10013375,330
BV10013375,17,BV10416650,331
BV10416650,18,BV10416642,332
BV10416642,19,BV10416646,333
BV10740312,1,BV10740317,334
BV10740317,2,BV10711029,335
BV10711029,3,BV10740314,336
BV10740314,4,BV10740319,337
BV10740319,5,BV10740315,338
BV10740315,6,BV10740313,339
BV10740313,7,BV10740318,340
BV10740318,8,BV10740316,341
BV10740316,9,BV10000920,342
BV10000920,10,BV10531973,343
BV10531973,11,BV10007288,344
BV10007288,12,BV10000208,345
BV10000208,13,BV10000252,346
BV10000252,14,BV10013501,347
BV10013501,15,BV11409822,348
BV10013367,1,BV11031729,349
BV11031729,2,BV11031727,350
BV11031727,3,BV11031728,351
BV11031728,4,BV11031725,352
BV11031725,5,BV10011266,353
BV10011266,6,BV11031726,354
BV10013418,1,BV10881788,355
BV10881788,2,BV10000222,356
BV10000222,3,BV10881789,357
BV10881789,4,BV10013430,358
BV10013430,5,BV10000017,359
BV10000275,1,BV10007589,360
BV10007589,2,BV10013517,361
BV10013517,3,BV10013518,362
BV10013518,4,BV10013519,363
BV10013519,5,BV10004294,364
BV10004294,6,BV10001118,365
BV10001118,7,BV10004143,366
BV10004143,8,BV10004141,367
BV10004141,9,BV10001298,368
BV10001298,10,BV10002455,369
BV10002455,11,BV10013520,370
BV10013520,12,BV10004138,371
BV10004138,13,BV11253781,372
BV11253781,14,BV10850689,373
BV10550714,1,BV10013483,374
BV10013483,2,BV10013482,375
BV10013482,3,BV10550716,376
BV10550716,4,BV10550715,377
BV10550715,5,BV10001633,378
BV10001633,6,BV10013477,379
BV10013477,7,BV10000338,380
BV10000338,8,BV10013478,381
BV10013478,9,BV10000571,382
BV10000571,10,BV10000877,383
BV10000877,11,BV10007027,384
BV10007027,12,BV11467455,385
BV10000222,1,BV10877516,386
BV10877516,2,BV11146181,387
BV10561755,1,BV10003977,388
BV10003977,2,BV10013427,389
BV10013427,3,BV10003994,390
BV10003994,4,BV10003965,391
BV10003965,5,BV10003967,392
BV10003967,6,BV10013426,393
BV10013426,7,BV10001096,394
BV10001096,8,BV10013425,395
BV10013425,9,BV10013424,396
BV10013424,10,BV10013423,397
BV10013423,11,BV10007779,398
BV10007779,12,BV10563755,399
BV10563755,13,BV10563754,400
BV10563754,14,BV10013494,401
BV10013494,15,BV10562654,402
BV10009415,1,BV10013428,403
BV10013428,2,BV10000199,404
BV10000199,3,BV10002731,405
BV10002731,4,BV10013443,406
BV10013394,1,BV10968850,407
BV10968850,2,BV10968847,408
BV10968847,3,BV10968866,409
BV10968866,4,BV10968849,410
BV10968849,5,BV10968848,411
BV10561755,1,BV10420734,412
BV10420734,2,BV10420737,413
BV10420737,3,BV10420735,414
BV10420735,4,BV10881795,415
BV10881795,5,BV10420736,416
BV10420736,6,BV10420727,417
BV10420727,7,BV10420731,418
BV10420731,8,BV10420733,419
BV10000743,1,BV10011446,420
BV10011446,2,BV10012008,421
BV10012008,3,BV10000335,422
BV10000335,4,BV10013453,423
BV10013453,5,BV10013452,424
BV10013452,6,BV10013451,425
BV10013451,7,BV10003511,426
BV10003511,8,BV10013450,427
BV10013450,9,BV10007921,428
BV10007921,10,BV10013449,429
BV10013449,11,BV10013448,430
BV10013448,12,BV10011266,431
BV10011266,13,BV10013399,432
BV10249978,1,BV10243546,433
BV10243546,2,BV10249964,434
BV10249964,3,BV10246013,435
BV10246013,4,BV10246013,436
BV10246013,5,BV10245558,437
BV10245558,6,BV10249909,438
BV10249909,7,BV10243519,439
BV10243519,8,BV10243493,440
BV10243493,9,BV10248569,441
BV10248569,10,BV10243468,442
BV10243468,11,BV10249928,443
BV10249928,12,BV10243704,444
BV10243704,13,BV10249977,445
BV10249977,14,BV10249976,446
BV10249976,15,BV10242356,447
BV10242356,16,BV10244044,448
BV10244044,17,BV10249975,449
BV10249975,18,BV10249974,450
BV10249974,19,BV10249851,451
BV10249851,20,BV10249973,452
BV10249973,21,BV10249972,453
BV10249972,22,BV10249931,454
BV10249931,23,BV10249971,455
BV10249971,24,BV10249947,456
BV10249947,25,BV10249970,457
BV10249970,26,BV10249969,458
BV10249969,27,BV10249968,459
BV10249968,28,BV10242458,460
BV10242458,29,BV10244581,461
BV10244581,30,BV10249071,462
BV10249984,1,BV10249985,463
BV10249985,2,BV10244034,464
BV10244034,3,BV10249986,465
BV10249986,4,BV10244079,466
BV10244079,5,BV10249987,467
BV10249987,6,BV10249988,468
BV10249988,7,BV10249989,469
BV10249989,8,BV10249990,470
BV10249990,9,BV10249991,471
BV10249991,10,BV10249992,472
BV10249992,11,BV10242356,473
BV10242356,12,BV10249993,474
BV10249993,13,BV10249994,475
BV10249994,14,BV10249904,476
BV10249904,15,BV10249995,477
BV10249995,16,BV10249996,478
BV10249996,17,BV10243787,479
BV10243787,18,BV10249926,480
BV10249926,19,BV10249997,481
BV10249997,20,BV10249929,482
BV10249929,21,BV10243488,483
BV10243488,22,BV10249998,484
BV10249998,23,BV10243650,485
BV10243650,24,BV10249999,486
BV10249999,25,BV10246013,487
BV10246013,26,BV10250000,488
BV10250000,27,BV10243876,489
BV10243876,28,BV10249914,490
BV10249914,29,BV10677095,491
BV10677095,30,BV10677096,492
BV10677096,31,BV10242475,493
BV10242475,32,BV10684317,494
BV10684317,33,BV10249915,495
BV10249915,34,BV10244749,496
BV10244749,35,BV10249916,497
BV10249916,36,BV10684318,498
BV10684318,37,BV10684315,499
BV10793836,1,BV10249967,500
BV10249967,2,BV10243850,501
BV10243850,3,BV10248569,502
BV10248569,4,BV10249929,503
BV10249929,5,BV10243648,504
BV10243648,6,BV10249966,505
BV10249966,7,BV10249910,506
BV10249910,8,BV10249965,507
BV10249965,9,BV10249921,508
BV10249921,10,BV10249964,509
BV10249964,11,BV10249963,510
BV10249963,12,BV10249962,511
BV10249962,13,BV10246144,512
BV10246144,14,BV10246345,513
BV10246345,15,BV10243477,514
BV10243477,16,BV10249935,515
BV10249935,17,BV10249961,516
BV10249961,18,BV10249960,517
BV10249960,19,BV10249959,518
BV10249959,20,BV10249958,519
BV10249958,21,BV10249957,520
BV10249957,22,BV10249956,521
BV10249956,23,BV10249955,522
BV10249955,24,BV10249954,523
BV10249954,25,BV10249953,524
BV10249953,26,BV10249952,525
BV10249952,27,BV10249951,526
BV10249951,28,BV10243745,527
BV10243745,29,BV10249950,528
BV10249950,30,BV10249875,529
BV10243512,1,BV10249907,530
BV10249907,2,BV10243493,531
BV10243493,3,BV10243488,532
BV10243488,4,BV10243648,533
BV10243648,5,BV10245550,534
BV10245550,6,BV10243815,535
BV10243815,7,BV10249983,536
BV10249983,8,BV10249982,537
BV10249982,9,BV10244305,538
BV10244305,10,BV10249884,539
BV10249884,11,BV10249885,540
BV10249885,12,BV10249981,541
BV10249981,13,BV10249980,542
BV10249980,14,BV10249979,543
BV10249979,15,BV10877299,544
BV10877299,16,BV10877294,545
BV10877294,17,BV10877293,546
BV10877293,18,BV10877296,547
BV10877296,19,BV10877297,548
BV10877297,20,BV10877295,549
BV10877295,21,BV10877300,550
BV10877300,22,BV10877298,551
BV10249984,1,BV10868017,552
BV10868017,2,BV10868018,553
BV10868018,3,BV10868015,554
BV10868015,4,BV10868014,555
BV10868014,5,BV10724147,556
BV10724147,6,BV10868016,557
BV10868016,7,BV10249931,558
BV10249931,8,BV10249949,559
BV10249949,9,BV10249948,560
BV10249948,10,BV10249947,561
BV10249947,11,BV10249946,562
BV10249946,12,BV10249853,563
BV10249853,13,BV10249945,564
BV10249945,14,BV10249944,565
BV10249944,15,BV10243933,566
BV10243933,16,BV10249901,567
BV10249901,17,BV10249943,568
BV10249943,18,BV10249942,569
BV10249942,19,BV10249941,570
BV10249941,20,BV10244305,571
BV10244305,21,BV10249940,572
BV10249940,22,BV10249939,573
BV10249939,23,BV10249938,574
BV10249938,24,BV10249937,575
BV10249937,25,BV10244202,576
BV10244202,26,BV10244199,577
BV10244199,27,BV10249936,578
BV10249936,28,BV10249935,579
BV10249935,29,BV10247063,580
BV10247063,30,BV10249934,581
BV10249934,31,BV10249913,582
BV10249913,32,BV10249933,583
BV10249933,33,BV10243876,584
BV10242465,1,BV10527870,585
BV10527870,2,BV10249897,586
BV10249897,3,BV10527879,587
BV10527879,4,BV10527869,588
BV10527869,5,BV10249894,589
BV10249894,6,BV10527872,590
BV10527872,7,BV10527868,591
BV10527868,8,BV10527873,592
BV10527873,9,BV10527871,593
BV10527871,10,BV10895876,594
BV10895876,11,BV10527878,595
BV10527878,12,BV10527877,596
BV10527877,13,BV10527880,597
BV10527880,14,BV10527867,598
BV10527867,15,BV10527881,599
BV10527881,16,BV10527874,600
BV10527874,17,BV10527875,601
BV10527875,18,BV10249884,602
BV10249884,19,BV10244305,603
BV10244305,20,BV10793830,604
BV10793830,21,BV10793829,605
BV10793829,22,BV10249923,606
BV10249923,23,BV10245836,607
BV10245836,24,BV10879919,608
BV10879919,25,BV10249965,609
BV10249965,26,BV10245558,610
BV10602481,1,BV10249901,611
BV10249901,2,BV10602479,612
BV10602479,3,BV10249902,613
BV10249902,4,BV10249903,614
BV10249903,5,BV10243793,615
BV10243793,6,BV10602474,616
BV10602474,7,BV10249904,617
BV10249904,8,BV10602478,618
BV10602478,9,BV10249928,619
BV10249928,10,BV10243496,620
BV10243496,11,BV10585815,621
BV10585815,12,BV10243850,622
BV10243850,13,BV10602483,623
BV10602483,14,BV10249907,624
BV10249907,15,BV10243619,625
BV10243619,16,BV10249908,626
BV10249908,17,BV10602476,627
BV10602476,18,BV10243650,628
BV10243650,19,BV10249910,629
BV10249910,20,BV10602475,630
BV10602475,21,BV10245836,631
BV10245836,22,BV10447622,632
BV10447622,23,BV10602482,633
BV10602482,24,BV10602477,634
BV10602477,25,BV10246144,635
BV10246144,26,BV10249913,636
BV10724147,1,BV11291532,637
BV11291532,2,BV11291531,638
BV11291531,3,BV11291533,639
BV11291533,4,BV11291529,640
BV11291529,5,BV10724148,641
BV10724148,6,BV11291534,642
BV11291534,7,BV11291530,643
BV11291530,8,BV10724144,644
BV10724144,9,BV11291528,645
BV11291528,10,BV10729670,646
BV10729670,11,BV10447621,647
BV10447621,12,BV10447620,648
BV10447620,13,BV10447625,649
BV10447625,14,BV10249928,650
BV10249928,15,BV10249927,651
BV10249927,16,BV10249926,652
BV10249926,17,BV10447619,653
BV10447619,18,BV10447624,654
BV10447624,19,BV10447616,655
BV10447616,20,BV10243815,656
BV10243815,21,BV10447623,657
BV10447623,22,BV10249923,658
BV10249923,23,BV10447617,659
BV10447617,24,BV10447622,660
BV10447622,25,BV10249922,661
BV10249922,26,BV10249921,662
BV10249921,27,BV10738554,663
BV10738554,28,BV10243878,664
BV10243878,29,BV10447615,665
BV10447615,30,BV10447618,666
BV10447618,31,BV10447626,667
BV10672433,1,BV10672444,668
BV10672444,2,BV10672440,669
BV10672440,3,BV10672443,670
BV10672443,4,BV10672432,671
BV10672432,5,BV10895880,672
BV10895880,6,BV10672446,673
BV10672446,7,BV10672437,674
BV10672437,8,BV10672442,675
BV10672442,9,BV10672435,676
BV10672435,10,BV10672431,677
BV10672431,11,BV10672439,678
BV10672439,12,BV10672436,679
BV10672436,13,BV10249939,680
BV10249939,14,BV10672441,681
BV10672441,15,BV10700463,682
BV10700463,16,BV10672445,683
BV10672445,17,BV10447623,684
BV10447623,18,BV10672438,685
BV10672438,19,BV10249966,686
BV10249966,20,BV10243519,687
BV10243519,21,BV10249907,688
BV10249907,22,BV10243512,689
BV10527861,1,BV10242465,690
BV10242465,2,BV10527863,691
BV10527863,3,BV10527866,692
BV10527866,4,BV10729454,693
BV10729454,5,BV10527860,694
BV10527860,6,BV10527858,695
BV10527858,7,BV10249452,696
BV10249452,8,BV10680166,697
BV10680166,9,BV10527864,698
BV10527864,10,BV10527859,699
BV10527859,11,BV10527865,700
BV10527865,12,BV10249931,701
BV10249931,13,BV10244676,702
BV10244676,14,BV10249990,703
BV10249990,15,BV10729670,704
BV10729670,16,BV10249928,705
BV10249928,17,BV10249929,706
BV10680166,1,BV10861135,707
BV10861135,2,BV10996669,708
BV10996669,3,BV10996657,709
BV10996657,4,BV10861136,710
